Name,Team,IP,FA-X,FT-X,FC-X,FS-X,FO-X,SI-X,SL-X,CU-X,KC-X,EP-X,CH-X,SC-X,KN-X,NameASCII,PlayerId,MLBAMID
"Ramon Ortiz","WSN",190.2,,,,,,,,,,,,,,"Ramon Ortiz",27,150009
"Scott Schoeneweis","- - -",51.2,,,,,,,,,,,,,,"Scott Schoeneweis",33,150011
"Aaron Sele","LAD",103.1,,,,,,,,,,,,,,"Aaron Sele",34,121986
"Scot Shields","LAA",87.2,,,,,,,,,,,,,,"Scot Shields",35,276912
"Jarrod Washburn","SEA",187,,,,,,,,,,,,,,"Jarrod Washburn",40,132220
"Matt Wise","MIL",44.1,,,,,,,,,,,,,,"Matt Wise",42,277184
"Miguel Batista","ARI",206.1,,,,,,,,,,,,,,"Miguel Batista",46,110683
"Rick Helling","MIL",35,,,,,,,,,,,,,,"Rick Helling",58,115727
"Randy Johnson","NYY",205,,,,,,,,,,,,,,"Randy Johnson",60,116615
"Byung-Hyun Kim","COL",155,,,,,,,,,,,,,,"Byung-Hyun Kim",61,218294
"Mike Koplove","ARI",3,,,,,,,,,,,,,,"Mike Koplove",63,407377
"Mike Myers","NYY",30.2,,,,,,,,,,,,,,"Mike Myers",68,119624
"John Patterson","WSN",40.2,,,,,,,,,,,,,,"John Patterson",71,279568
"Curt Schilling","BOS",204,,,,,,,,,,,,,,"Curt Schilling",73,121811
"Tom Glavine","NYM",198,,,,,,,,,,,,,,"Tom Glavine",90,114849
"Kevin Gryboski","WSN",5.2,,,,,,,,,,,,,,"Kevin Gryboski",91,407839
"Chris Hammond","CIN",28.2,,,,,,,,,,,,,,"Chris Hammond",92,115391
"Greg Maddux","- - -",210,,,,,,,,,,,,,,"Greg Maddux",104,118120
"Jason Marquis","STL",194.1,,,,,,,,,,,,,,"Jason Marquis",105,150302
"Kevin Millwood","TEX",215,,,,,,,,,,,,,,"Kevin Millwood",106,119154
"Joe Nelson","KCR",44.2,,,,,,,,,,,,,,"Joe Nelson",108,406874
"Horacio Ramirez","ATL",76.1,,,,,,,,,,,,,,"Horacio Ramirez",110,400141
"Mike Remlinger","ATL",22.1,,,,,,,,,,,,,,"Mike Remlinger",111,121060
"John Smoltz","ATL",232,,,,,,,,,,,,,,"John Smoltz",115,122477
"Dan Wheeler","HOU",71.1,,,,,,,,,,,,,,"Dan Wheeler",120,235095
"Rick Bauer","TEX",71,,,,,,,,,,,,,,"Rick Bauer",125,407400
"Erik Bedard","BAL",196.1,,,,,,,,,,,,,,"Erik Bedard",126,407853
"Scott Erickson","NYY",11.1,,,,,,,,,,,,,,"Scott Erickson",137,113884
"Jason Johnson","- - -",115,,,,,,,,,,,,,,"Jason Johnson",147,116595
"Jorge Julio","- - -",66,,,,,,,,,,,,,,"Jorge Julio",148,406402
"Rodrigo Lopez","BAL",189,,,,,,,,,,,,,,"Rodrigo Lopez",150,150438
"Sidney Ponson","- - -",85,,,,,,,,,,,,,,"Sidney Ponson",161,132260
"B.J. Ryan","TOR",72.1,,,,,,,,,,,,,,"B.J. Ryan",168,124805
"Rafael Betancourt","CLE",56.2,,,,,,,,,,,,,,"Rafael Betancourt",177,429783
"Casey Fossum","TBD",130,,,,,,,,,,,,,,"Casey Fossum",188,407154
"Dustin Hermanson","CHW",6.2,,,,,,,,,,,,,,"Dustin Hermanson",195,115812
"Sun-Woo Kim","- - -",13.2,,,,,,,,,,,,,,"Sun-Woo Kim",197,279615
"Derek Lowe","LAD",218,,,,,,,,,,,,,,"Derek Lowe",199,117955
"Pedro Martínez","NYM",132.2,,,,,,,,,,,,,,"Pedro Martinez",200,118377
"Darren Oliver","NYM",81,,,,,,,,,,,,,,"Darren Oliver",206,119984
"Tim Wakefield","BOS",140,,,,,,,,,,,,,,"Tim Wakefield",219,123801
"Mark Buehrle","CHW",204,,,,,,,,,,,,,,"Mark Buehrle",225,279824
"Keith Foulke","BOS",49.2,,,,,,,,,,,,,,"Keith Foulke",231,114342
"Jon Garland","CHW",211.1,,,,,,,,,,,,,,"Jon Garland",232,279782
"Bob Howry","CHC",76.2,,,,,,,,,,,,,,"Bob Howry",237,133982
"Damaso Marte","PIT",58.1,,,,,,,,,,,,,,"Damaso Marte",247,150122
"Antonio Alfonseca","TEX",16,,,,,,,,,,,,,,"Antonio Alfonseca",260,110134
"Joe Borowski","FLA",69.2,,,,,,,,,,,,,,"Joe Borowski",267,111244
"Matt Clement","BOS",65.1,,,,,,,,,,,,,,"Matt Clement",271,136725
"Juan Cruz","ARI",94.2,,,,,,,,,,,,,,"Juan Cruz",273,407297
"Kyle Farnsworth","NYY",66,,,,,,,,,,,,,,"Kyle Farnsworth",278,150035
"Jeff Fassero","SFG",15,,,,,,,,,,,,,,"Jeff Fassero",279,114032
"Tom Gordon","PHI",59.1,,,,,,,,,,,,,,"Tom Gordon",282,114971
"Jon Lieber","PHI",168,,,,,,,,,,,,,,"Jon Lieber",287,117758
"Ron Mahay","TEX",57,,,,,,,,,,,,,,"Ron Mahay",290,118158
"Will Ohman","CHC",65.1,,,,,,,,,,,,,,"Will Ohman",296,349193
"Mark Prior","CHC",43.2,,,,,,,,,,,,,,"Mark Prior",301,407578
"Kerry Wood","CHC",19.2,,,,,,,,,,,,,,"Kerry Wood",304,134268
"Carlos Zambrano","CHC",214,,,,,,,,,,,,,,"Carlos Zambrano",305,407296
"Jim Brower","- - -",20,,,,,,,,,,,,,,"Jim Brower",313,150342
"Elmer Dessens","- - -",77,,,,,,,,,,,,,,"Elmer Dessens",317,113296
"Seth Etherton","KCR",7.2,,,,,,,,,,,,,,"Seth Etherton",322,150003
"Jared Fernandez","MIL",6.1,,,,,,,,,,,,,,"Jared Fernandez",324,220594
"Danny Graves","CLE",14,,,,,,,,,,,,,,"Danny Graves",326,115056
"Chris Reitsma","ATL",28,,,,,,,,,,,,,,"Chris Reitsma",348,277410
"Scott Williamson","- - -",39.1,,,,,,,,,,,,,,"Scott Williamson",361,150182
"Danys Baez","- - -",59.2,,,,,,,,,,,,,,"Danys Baez",367,276056
"Bartolo Colon","LAA",56.1,,,,,,,,,,,,,,"Bartolo Colon",375,112526
"Ryan Drese","WSN",8.2,,,,,,,,,,,,,,"Ryan Drese",379,400181
"Chad Paronto","ATL",56.2,,,,,,,,,,,,,,"Chad Paronto",399,406301
"Ricardo Rincon","STL",3.1,,,,,,,,,,,,,,"Ricardo Rincon",401,121215
"David Riske","- - -",44,,,,,,,,,,,,,,"David Riske",402,228594
"CC Sabathia","CLE",192.2,,,,,,,,,,,,,,"CC Sabathia",404,282332
"Billy Traber","WSN",43.1,,,,,,,,,,,,,,"Billy Traber",410,407896
"Jake Westbrook","CLE",211.1,,,,,,,,,,,,,,"Jake Westbrook",412,150414
"Bob Wickman","- - -",54,,,,,,,,,,,,,,"Bob Wickman",413,124233
"Jaret Wright","NYY",140.1,,,,,,,,,,,,,,"Jaret Wright",415,124605
"Shawn Chacon","- - -",109,,,,,,,,,,,,,,"Shawn Chacon",424,276336
"Scott Elarton","KCR",114.2,,,,,,,,,,,,,,"Scott Elarton",426,134003
"Brian Fuentes","COL",65.1,,,,,,,,,,,,,,"Brian Fuentes",429,150118
"Jason Jennings","COL",212,,,,,,,,,,,,,,"Jason Jennings",434,407298
"Todd Jones","DET",64,,,,,,,,,,,,,,"Todd Jones",436,116734
"Kent Mercker","CIN",28.1,,,,,,,,,,,,,,"Kent Mercker",439,118967
"Dennys Reyes","MIN",50.2,,,,,,,,,,,,,,"Dennys Reyes",444,121096
"Victor Santos","PIT",115.1,,,,,,,,,,,,,,"Victor Santos",446,276343
"Justin Speier","TOR",51.1,,,,,,,,,,,,,,"Justin Speier",451,133221
"John Thomson","ATL",80.1,,,,,,,,,,,,,,"John Thomson",453,123307
"Rick White","- - -",64.2,,,,,,,,,,,,,,"Rick White",456,124184
"Adam Bernero","- - -",15,,,,,,,,,,,,,,"Adam Bernero",460,333293
"Jose Lima","NYM",17.1,,,,,,,,,,,,,,"Jose Lima",475,117769
"Brian Moehler","FLA",122,,,,,,,,,,,,,,"Brian Moehler",480,119215
"Mark Redman","KCR",167,,,,,,,,,,,,,,"Mark Redman",491,150230
"Fernando Rodney","DET",71.2,,,,,,,,,,,,,,"Fernando Rodney",494,407845
"Julio Santana","PHI",8.1,,,,,,,,,,,,,,"Julio Santana",496,121690
"Jamie Walker","DET",48,,,,,,,,,,,,,,"Jamie Walker",502,123828
"Jeff Weaver","- - -",172,,,,,,,,,,,,,,"Jeff Weaver",503,213711
"Josh Beckett","BOS",204.2,,,,,,,,,,,,,,"Josh Beckett",510,277417
"A.J. Burnett","TOR",135.2,,,,,,,,,,,,,,"A.J. Burnett",512,150359
"Ryan Dempster","CHC",75,,,,,,,,,,,,,,"Ryan Dempster",517,133225
"Jason Grilli","DET",62,,,,,,,,,,,,,,"Jason Grilli",521,276351
"Braden Looper","STL",73.1,,,,,,,,,,,,,,"Braden Looper",526,131702
"Brad Penny","LAD",189,,,,,,,,,,,,,,"Brad Penny",535,207267
"Julian Tavarez","BOS",98.2,,,,,,,,,,,,,,"Julian Tavarez",541,123118
"Doug Brocail","SDP",28.1,,,,,,,,,,,,,,"Doug Brocail",551,111492
"Octavio Dotel","NYY",10,,,,,,,,,,,,,,"Octavio Dotel",555,136734
"Wayne Franklin","ATL",7.2,,,,,,,,,,,,,,"Wayne Franklin",557,276356
"Brad Lidge","HOU",75,,,,,,,,,,,,,,"Brad Lidge",563,400058
"Scott Linebrink","SDP",75.2,,,,,,,,,,,,,,"Scott Linebrink",564,276530
"Wade Miller","CHC",21.2,,,,,,,,,,,,,,"Wade Miller",568,150063
"Roy Oswalt","HOU",220.2,,,,,,,,,,,,,,"Roy Oswalt",571,400061
"Billy Wagner","NYM",72.1,,,,,,,,,,,,,,"Billy Wagner",578,123790
"Winston Abreu","BAL",8,,,,,,,,,,,,,,"Winston Abreu",582,275700
"Jeremy Affeldt","- - -",97.1,,,,,,,,,,,,,,"Jeremy Affeldt",583,346793
"Miguel Asencio","COL",7.2,,,,,,,,,,,,,,"Miguel Asencio",586,407900
"Paul Byrd","CLE",179,,,,,,,,,,,,,,"Paul Byrd",594,111838
"Nate Field","COL",9,,,,,,,,,,,,,,"Nate Field",599,407757
"Jason Grimsley","ARI",27.2,,,,,,,,,,,,,,"Jason Grimsley",602,115169
"Roberto Hernandez","- - -",63.2,,,,,,,,,,,,,,"Roberto Hernandez",605,115832
"Mike MacDougal","- - -",29,,,,,,,,,,,,,,"Mike MacDougal",612,213680
"Brian Shouse","- - -",38.1,,,,,,,,,,,,,,"Brian Shouse",630,122195
"Jeff Suppan","STL",190,,,,,,,,,,,,,,"Jeff Suppan",633,122987
"Kris Wilson","NYY",8.1,,,,,,,,,,,,,,"Kris Wilson",636,330892
"Giovanni Carrara","LAD",27.2,,,,,,,,,,,,,,"Giovanni Carrara",643,112030
"Eric Gagne","LAD",2,,,,,,,,,,,,,,"Eric Gagne",650,150378
"Terry Mulholland","ARI",3,,,,,,,,,,,,,,"Terry Mulholland",665,119488
"Odalis Perez","- - -",126.1,,,,,,,,,,,,,,"Odalis Perez",668,136602
"Mike DeJean","COL",1.2,,,,,,,,,,,,,,"Mike DeJean",682,113211
"Ray King","COL",44.2,,,,,,,,,,,,,,"Ray King",693,150037
"Glendon Rusch","CHC",66.1,,,,,,,,,,,,,,"Glendon Rusch",707,121556
"Ben Sheets","MIL",106,,,,,,,,,,,,,,"Ben Sheets",710,282656
"Luis Vizcaino","ARI",65.1,,,,,,,,,,,,,,"Luis Vizcaino",714,150430
"Jamey Wright","SFG",156,,,,,,,,,,,,,,"Jamey Wright",715,124604
"Eddie Guardado","- - -",37,,,,,,,,,,,,,,"Eddie Guardado",727,115216
"LaTroy Hawkins","BAL",60.1,,,,,,,,,,,,,,"LaTroy Hawkins",729,115629
"Kyle Lohse","- - -",126.2,,,,,,,,,,,,,,"Kyle Lohse",739,346798
"Joe Mays","- - -",50.2,,,,,,,,,,,,,,"Joe Mays",740,150222
"Eric Milton","CIN",152.2,,,,,,,,,,,,,,"Eric Milton",743,132980
"Brad Radke","MIN",162.1,,,,,,,,,,,,,,"Brad Radke",748,120878
"Juan Rincon","MIN",74.1,,,,,,,,,,,,,,"Juan Rincon",752,346799
"J.C. Romero","LAA",48.1,,,,,,,,,,,,,,"J.C. Romero",754,240694
"Johan Santana","MIN",233.2,,,,,,,,,,,,,,"Johan Santana",755,276371
"Tony Armas","WSN",154,,,,,,,,,,,,,,"Tony Armas",761,150393
"Bruce Chen","BAL",98.2,,,,,,,,,,,,,,"Bruce Chen",769,136600
"Scott Downs","TOR",77,,,,,,,,,,,,,,"Scott Downs",773,275933
"Joey Eischen","WSN",14.2,,,,,,,,,,,,,,"Joey Eischen",774,113784
"Matt Herges","FLA",71,,,,,,,,,,,,,,"Matt Herges",780,150382
"Tomo Ohka","MIL",97,,,,,,,,,,,,,,"Tomo Ohka",788,219594
"Britt Reames","PIT",7.1,,,,,,,,,,,,,,"Britt Reames",794,337392
"Javier Vazquez","CHW",202.2,,,,,,,,,,,,,,"Javier Vazquez",801,134320
"Todd Williams","BAL",57,,,,,,,,,,,,,,"Todd Williams",805,124343
"Randy Choate","ARI",16,,,,,,,,,,,,,,"Randy Choate",813,329092
"Brandon Claussen","CIN",77,,,,,,,,,,,,,,"Brandon Claussen",814,407799
"Roger Clemens","HOU",113.1,,,,,,,,,,,,,,"Roger Clemens",815,112388
"Orlando Hernandez","- - -",162.1,,,,,,,,,,,,,,"Orlando Hernandez",823,133340
"Steve Karsay","OAK",9.1,,,,,,,,,,,,,,"Steve Karsay",829,116853
"Randy Keisler","OAK",10,,,,,,,,,,,,,,"Randy Keisler",830,342892
"Ted Lilly","TOR",181.2,,,,,,,,,,,,,,"Ted Lilly",833,150404
"Mike Mussina","NYY",197.1,,,,,,,,,,,,,,"Mike Mussina",837,119608
"Andy Pettitte","HOU",214.1,,,,,,,,,,,,,,"Andy Pettitte",840,120485
"Mariano Rivera","NYY",75,,,,,,,,,,,,,,"Mariano Rivera",844,121250
"Mike Stanton","- - -",67.2,,,,,,,,,,,,,,"Mike Stanton",849,122681
"David Wells","- - -",75.1,,,,,,,,,,,,,,"David Wells",855,124071
"Pedro Astacio","WSN",90.1,,,,,,,,,,,,,,"Pedro Astacio",862,110359
"Armando Benitez","SFG",38.1,,,,,,,,,,,,,,"Armando Benitez",865,110859
"Shawn Estes","SDP",6,,,,,,,,,,,,,,"Shawn Estes",873,113915
"Jae Weong Seo","- - -",157,,,,,,,,,,,,,,"Jae Weong Seo",895,150242
"Steve Trachsel","NYM",164.2,,,,,,,,,,,,,,"Steve Trachsel",898,123431
"Tyler Walker","- - -",25.1,,,,,,,,,,,,,,"Tyler Walker",901,400104
"David Weathers","CIN",73.2,,,,,,,,,,,,,,"David Weathers",902,124000
"Chad Bradford","NYM",62,,,,,,,,,,,,,,"Chad Bradford",904,136268
"Justin Duchscherer","OAK",55.2,,,,,,,,,,,,,,"Justin Duchscherer",910,407113
"Chad Harville","TBD",41,,,,,,,,,,,,,,"Chad Harville",915,150420
"Mike Holtz","BOS",1.2,,,,,,,,,,,,,,"Mike Holtz",920,116114
"Tim Hudson","ATL",218.1,,,,,,,,,,,,,,"Tim Hudson",921,218596
"Cory Lidle","- - -",170.2,,,,,,,,,,,,,,"Cory Lidle",926,117756
"Mark Mulder","STL",93.1,,,,,,,,,,,,,,"Mark Mulder",932,150426
"Mike Venafro","COL",3.2,,,,,,,,,,,,,,"Mike Venafro",943,150291
"Barry Zito","OAK",221,,,,,,,,,,,,,,"Barry Zito",944,217096
"Rheal Cormier","- - -",48,,,,,,,,,,,,,,"Rheal Cormier",952,112690
"Brandon Duckworth","KCR",45.2,,,,,,,,,,,,,,"Brandon Duckworth",954,346855
"Jose Mesa","COL",72.1,,,,,,,,,,,,,,"Jose Mesa",961,118986
"Brett Myers","PHI",198,,,,,,,,,,,,,,"Brett Myers",962,408206
"Vicente Padilla","TEX",200,,,,,,,,,,,,,,"Vicente Padilla",964,218894
"Cliff Politte","CHW",30,,,,,,,,,,,,,,"Cliff Politte",967,131700
"Carlos Silva","MIN",180.1,,,,,,,,,,,,,,"Carlos Silva",973,400067
"Randy Wolf","PHI",56.2,,,,,,,,,,,,,,"Randy Wolf",976,150116
"Bronson Arroyo","CIN",240.2,,,,,,,,,,,,,,"Bronson Arroyo",978,276520
"Joe Beimel","LAD",70,,,,,,,,,,,,,,"Joe Beimel",979,346847
"Kris Benson","BAL",183,,,,,,,,,,,,,,"Kris Benson",982,150249
"Josh Fogg","COL",172,,,,,,,,,,,,,,"Josh Fogg",989,150319
"Brian Meadows","TBD",69.2,,,,,,,,,,,,,,"Brian Meadows",998,132785
"Scott Sauerbeck","- - -",25.1,,,,,,,,,,,,,,"Scott Sauerbeck",1007,150261
"Ron Villone","NYY",80.1,,,,,,,,,,,,,,"Ron Villone",1010,123725
"Ryan Vogelsong","PIT",38,,,,,,,,,,,,,,"Ryan Vogelsong",1011,285064
"Kip Wells","- - -",44.1,,,,,,,,,,,,,,"Kip Wells",1012,150337
"Dave Williams","- - -",69,,,,,,,,,,,,,,"Dave Williams",1013,400063
"Adam Eaton","TEX",65,,,,,,,,,,,,,,"Adam Eaton",1029,284566
"Alan Embree","SDP",52.1,,,,,,,,,,,,,,"Alan Embree",1030,113833
"Trevor Hoffman","SDP",63,,,,,,,,,,,,,,"Trevor Hoffman",1035,116034
"Kevin Jarvis","- - -",28,,,,,,,,,,,,,,"Kevin Jarvis",1037,116496
"Jake Peavy","SDP",202.1,,,,,,,,,,,,,,"Jake Peavy",1051,408241
"Brett Tomko","LAD",112.1,,,,,,,,,,,,,,"Brett Tomko",1056,123387
"Ryan Franklin","- - -",77.1,,,,,,,,,,,,,,"Ryan Franklin",1076,211041
"Freddy Garcia","CHW",216.1,,,,,,,,,,,,,,"Freddy Garcia",1077,150119
"John Halama","BAL",29.1,,,,,,,,,,,,,,"John Halama",1080,134280
"Julio Mateo","SEA",53.2,,,,,,,,,,,,,,"Julio Mateo",1087,421024
"Gil Meche","SEA",186.2,,,,,,,,,,,,,,"Gil Meche",1089,219194
"Jamie Moyer","- - -",211.1,,,,,,,,,,,,,,"Jamie Moyer",1091,119469
"Jeff Nelson","CHW",2.2,,,,,,,,,,,,,,"Jeff Nelson",1092,119704
"Joel Pineiro","SEA",165.2,,,,,,,,,,,,,,"Joel Pineiro",1094,334492
"Arthur Rhodes","PHI",45.2,,,,,,,,,,,,,,"Arthur Rhodes",1097,121125
"Rafael Soriano","SEA",60,,,,,,,,,,,,,,"Rafael Soriano",1100,400089
"Aaron Fultz","PHI",71.1,,,,,,,,,,,,,,"Aaron Fultz",1113,150269
"Livan Hernandez","- - -",216,,,,,,,,,,,,,,"Livan Hernandez",1116,115817
"Joe Nathan","MIN",68.1,,,,,,,,,,,,,,"Joe Nathan",1122,150274
"Russ Ortiz","- - -",63,,,,,,,,,,,,,,"Russ Ortiz",1124,133460
"Felix Rodriguez","WSN",29.1,,,,,,,,,,,,,,"Felix Rodriguez",1127,121353
"Jason Schmidt","SFG",213.1,,,,,,,,,,,,,,"Jason Schmidt",1131,121834
"Jerome Williams","CHC",12.1,,,,,,,,,,,,,,"Jerome Williams",1137,425532
"Jay Witasick","OAK",22.2,,,,,,,,,,,,,,"Jay Witasick",1138,124482
"Tim Worrell","SFG",20.1,,,,,,,,,,,,,,"Tim Worrell",1139,124580
"Jason Isringhausen","STL",58.1,,,,,,,,,,,,,,"Jason Isringhausen",1158,116414
"Steve Kline","SFG",51.2,,,,,,,,,,,,,,"Steve Kline",1164,117157
"Matt Morris","SFG",207.2,,,,,,,,,,,,,,"Matt Morris",1172,119403
"Mike Timlin","BOS",64,,,,,,,,,,,,,,"Mike Timlin",1187,123348
"Woody Williams","SDP",145.1,,,,,,,,,,,,,,"Woody Williams",1190,124315
"Dewon Brazelton","SDP",18,,,,,,,,,,,,,,"Dewon Brazelton",1195,407376
"Travis Harper","TBD",42,,,,,,,,,,,,,,"Travis Harper",1211,150135
"Joe Kennedy","OAK",35,,,,,,,,,,,,,,"Joe Kennedy",1217,406773
"Tom Martin","COL",60.1,,,,,,,,,,,,,,"Tom Martin",1219,118353
"Bobby Seay","DET",15.1,,,,,,,,,,,,,,"Bobby Seay",1225,150144
"Jorge Sosa","- - -",118,,,,,,,,,,,,,,"Jorge Sosa",1228,407901
"Jason Standridge","CIN",18.2,,,,,,,,,,,,,,"Jason Standridge",1229,285075
"Tanyon Sturtze","NYY",10.2,,,,,,,,,,,,,,"Tanyon Sturtze",1230,122915
"Esteban Yan","- - -",37.1,,,,,,,,,,,,,,"Esteban Yan",1236,124643
"Victor Zambrano","NYM",21.1,,,,,,,,,,,,,,"Victor Zambrano",1237,406913
"Hector Carrasco","LAA",100.1,,,,,,,,,,,,,,"Hector Carrasco",1240,112031
"Francisco Cordero","- - -",75.1,,,,,,,,,,,,,,"Francisco Cordero",1243,150188
"Doug Davis","MIL",203.1,,,,,,,,,,,,,,"Doug Davis",1244,150277
"R.A. Dickey","TEX",3.1,,,,,,,,,,,,,,"R.A. Dickey",1245,285079
"Dan Kolb","MIL",48.1,,,,,,,,,,,,,,"Dan Kolb",1257,150285
"Colby Lewis","DET",3,,,,,,,,,,,,,,"Colby Lewis",1259,407890
"Chan Ho Park","SDP",136.2,,,,,,,,,,,,,,"Chan Ho Park",1267,120221
"Kenny Rogers","DET",204,,,,,,,,,,,,,,"Kenny Rogers",1277,121386
"Rudy Seanez","- - -",53,,,,,,,,,,,,,,"Rudy Seanez",1279,121955
"Chris Carpenter","STL",221.2,,,,,,,,,,,,,,"Chris Carpenter",1292,112020
"Scott Cassidy","SDP",42.2,,,,,,,,,,,,,,"Scott Cassidy",1293,407859
"Kelvim Escobar","LAA",189.1,,,,,,,,,,,,,,"Kelvim Escobar",1298,113898
"Scott Eyre","CHC",61.1,,,,,,,,,,,,,,"Scott Eyre",1300,113961
"Roy Halladay","TOR",220,,,,,,,,,,,,,,"Roy Halladay",1303,136880
"Esteban Loaiza","OAK",154.2,,,,,,,,,,,,,,"Esteban Loaiza",1310,117842
"Brandon Lyon","ARI",69.1,,,,,,,,,,,,,,"Brandon Lyon",1312,407193
"Pete Walker","TOR",30,,,,,,,,,,,,,,"Pete Walker",1325,123839
"Chris Michalak","CIN",35,,,,,,,,,,,,,,"Chris Michalak",1415,136422
"Joaquín Benoit","TEX",79.2,,,,,,,,,,,,,,"Joaquin Benoit",1437,276542
"Bryan Corey","- - -",39,,,,,,,,,,,,,,"Bryan Corey",1439,132241
"Brendan Donnelly","LAA",64,,,,,,,,,,,,,,"Brendan Donnelly",1441,407791
"Chad Durbin","DET",6,,,,,,,,,,,,,,"Chad Durbin",1442,239795
"Randy Flores","STL",41.2,,,,,,,,,,,,,,"Randy Flores",1446,420864
"Aaron Harang","CIN",234.1,,,,,,,,,,,,,,"Aaron Harang",1451,421685
"Dan Miceli","TBD",32,,,,,,,,,,,,,,"Dan Miceli",1463,119023
"Guillermo Mota","- - -",55.2,,,,,,,,,,,,,,"Guillermo Mota",1467,150407
"Jon Rauch","WSN",91.1,,,,,,,,,,,,,,"Jon Rauch",1475,400010
"Aaron Small","NYY",27.2,,,,,,,,,,,,,,"Aaron Small",1477,122332
"Mike Smith","MIN",3,,,,,,,,,,,,,,"Mike Smith",1479,420944
"Josh Towers","TOR",62,,,,,,,,,,,,,,"Josh Towers",1489,346869
"Zach Day","- - -",40,,,,,,,,,,,,,,"Zach Day",1496,400180
"John Lackey","LAA",217.2,,,,,,,,,,,,,,"John Lackey",1507,407793
"Mike Maroth","DET",53.2,,,,,,,,,,,,,,"Mike Maroth",1508,400077
"Oliver Pérez","- - -",112.2,,,,,,,,,,,,,,"Oliver Perez",1514,424144
"Kirk Saarloos","OAK",121.1,,,,,,,,,,,,,,"Kirk Saarloos",1516,424164
"Duaner Sanchez","NYM",55.1,,,,,,,,,,,,,,"Duaner Sanchez",1518,400093
"Travis Smith","ATL",4.1,,,,,,,,,,,,,,"Travis Smith",1522,134000
"Tyler Yates","ATL",50,,,,,,,,,,,,,,"Tyler Yates",1527,407884
"Runelvys Hernandez","KCR",109.2,,,,,,,,,,,,,,"Runelvys Hernandez",1528,424465
"Brandon Backe","HOU",43,,,,,,,,,,,,,,"Brandon Backe",1529,407840
"Luke Hudson","KCR",102,,,,,,,,,,,,,,"Luke Hudson",1542,346873
"Micah Bowie","WSN",19.2,,,,,,,,,,,,,,"Micah Bowie",1561,150295
"Aaron Cook","COL",212.2,,,,,,,,,,,,,,"Aaron Cook",1571,346871
"Mark Hendrickson","- - -",164.2,,,,,,,,,,,,,,"Mark Hendrickson",1574,424805
"Clay Condrey","PHI",28.2,,,,,,,,,,,,,,"Clay Condrey",1579,424925
"Lance Carter","LAD",11.2,,,,,,,,,,,,,,"Lance Carter",1592,238796
"Jason Davis","CLE",55.1,,,,,,,,,,,,,,"Jason Davis",1598,425186
"Pedro Feliciano","NYM",60.1,,,,,,,,,,,,,,"Pedro Feliciano",1601,408230
"Franklyn German","FLA",12,,,,,,,,,,,,,,"Franklyn German",1603,407883
"Josh Hancock","STL",77,,,,,,,,,,,,,,"Josh Hancock",1606,407820
"Nate Robertson","DET",208.2,,,,,,,,,,,,,,"Nate Robertson",1620,425146
"Jason Shiell","ATL",15.2,,,,,,,,,,,,,,"Jason Shiell",1625,425126
"Salomon Torres","PIT",93.1,,,,,,,,,,,,,,"Salomon Torres",1628,123415
"Eric DuBose","BAL",4.2,,,,,,,,,,,,,,"Eric DuBose",1633,276511
"Cliff Lee","CLE",200.2,,,,,,,,,,,,,,"Cliff Lee",1636,424324
"Francisco Rodríguez","LAA",73,,,,,,,,,,,,,,"Francisco Rodriguez",1642,408061
"Brian Tallet","TOR",54.1,,,,,,,,,,,,,,"Brian Tallet",1646,425226
"Russ Springer","HOU",59.2,,,,,,,,,,,,,,"Russ Springer",1652,122620
"Oscar Villarreal","ATL",92.1,,,,,,,,,,,,,,"Oscar Villarreal",1654,425629
"Seth McClung","TBD",103,,,,,,,,,,,,,,"Seth McClung",1657,425528
"Jose Contreras","CHW",196,,,,,,,,,,,,,,"Jose Contreras",1660,425747
"Javier López","BOS",16.2,,,,,,,,,,,,,,"Javier Lopez",1663,425657
"Jeremy Bonderman","DET",214,,,,,,,,,,,,,,"Jeremy Bonderman",1667,425827
"Chris Spurling","- - -",21.1,,,,,,,,,,,,,,"Chris Spurling",1668,400050
"Wilfredo Ledezma","DET",60.1,,,,,,,,,,,,,,"Wilfredo Ledezma",1669,425656
"Matt Roney","OAK",4,,,,,,,,,,,,,,"Matt Roney",1670,425662
"Trever Miller","HOU",50.2,,,,,,,,,,,,,,"Trever Miller",1672,119125
"Kiko Calero","OAK",58,,,,,,,,,,,,,,"Kiko Calero",1676,425606
"Kyle Snyder","- - -",60.1,,,,,,,,,,,,,,"Kyle Snyder",1689,216897
"Brandon Webb","ARI",235,,,,,,,,,,,,,,"Brandon Webb",1692,425630
"Derrick Turnbow","MIL",56.1,,,,,,,,,,,,,,"Derrick Turnbow",1694,276913
"Claudio Vargas","ARI",167.2,,,,,,,,,,,,,,"Claudio Vargas",1695,282567
"Chris Capuano","MIL",221.1,,,,,,,,,,,,,,"Chris Capuano",1701,425626
"Dontrelle Willis","FLA",223.1,,,,,,,,,,,,,,"Dontrelle Willis",1703,425883
"Todd Wellemeyer","- - -",78.1,,,,,,,,,,,,,,"Todd Wellemeyer",1709,425487
"Geremi Gonzalez","- - -",56,,,,,,,,,,,,,,"Geremi Gonzalez",1711,114928
"Jose Valverde","ARI",49.1,,,,,,,,,,,,,,"Jose Valverde",1726,407878
"Edgar Gonzalez","ARI",42.2,,,,,,,,,,,,,,"Edgar Gonzalez",1727,429440
"Julio Manon","BAL",20,,,,,,,,,,,,,,"Julio Manon",1732,408249
"Les Walrond","CHC",17.1,,,,,,,,,,,,,,"Les Walrond",1735,400113
"Aaron Heilman","NYM",87,,,,,,,,,,,,,,"Aaron Heilman",1751,408310
"Matt Miller","CLE",15.2,,,,,,,,,,,,,,"Matt Miller",1754,285080
"Dan Haren","OAK",223,,,,,,,,,,,,,,"Dan Haren",1757,429717
"Mike Gallo","HOU",16.1,,,,,,,,,,,,,,"Mike Gallo",1759,429760
"Kevin Correia","SFG",69.2,,,,,,,,,,,,,,"Kevin Correia",1767,429781
"John Wasdin","TEX",30,,,,,,,,,,,,,,"John Wasdin",1768,123955
"Ryan Wagner","WSN",30.2,,,,,,,,,,,,,,"Ryan Wagner",1770,429842
"Rich Harden","OAK",46.2,,,,,,,,,,,,,,"Rich Harden",1772,425848
"Sergio Mitre","FLA",41,,,,,,,,,,,,,,"Sergio Mitre",1773,429901
"Roy Corcoran","WSN",5.2,,,,,,,,,,,,,,"Roy Corcoran",1780,429981
"Greg Jones","LAA",6,,,,,,,,,,,,,,"Greg Jones",1782,429983
"Chad Gaudin","OAK",64,,,,,,,,,,,,,,"Chad Gaudin",1783,429985
"Jon Switzer","TBD",33.2,,,,,,,,,,,,,,"Jon Switzer",1786,408304
"Jimmy Gobble","KCR",84,,,,,,,,,,,,,,"Jimmy Gobble",1791,425471
"Kevin Gregg","LAA",78.1,,,,,,,,,,,,,,"Kevin Gregg",1793,276514
"Michael Gonzalez","PIT",54,,,,,,,,,,,,,,"Michael Gonzalez",1794,283166
"J.J. Putz","SEA",78.1,,,,,,,,,,,,,,"J.J. Putz",1795,407816
"Neal Cotts","CHW",54,,,,,,,,,,,,,,"Neal Cotts",1797,425840
"David Cortes","COL",29.1,,,,,,,,,,,,,,"David Cortes",1798,233694
"Jon Adkins","SDP",54.1,,,,,,,,,,,,,,"Jon Adkins",1799,424668
"Brian Sweeney","SDP",56.1,,,,,,,,,,,,,,"Brian Sweeney",1801,425789
"Mike Wood","KCR",64.2,,,,,,,,,,,,,,"Mike Wood",1806,430061
"Geoff Geary","PHI",91.1,,,,,,,,,,,,,,"Geoff Geary",1813,407783
"Doug Waechter","TBD",53,,,,,,,,,,,,,,"Doug Waechter",1814,425531
"Chad Cordero","WSN",73.1,,,,,,,,,,,,,,"Chad Cordero",1816,430101
"Noah Lowry","SFG",159.1,,,,,,,,,,,,,,"Noah Lowry",1833,430161
"Matt Belisle","CIN",40,,,,,,,,,,,,,,"Matt Belisle",1837,279571
"Vinnie Chulk","- - -",46.1,,,,,,,,,,,,,,"Vinnie Chulk",1838,425562
"Edwin Jackson","TBD",36.1,,,,,,,,,,,,,,"Edwin Jackson",1841,429719
"Chris Bootcheck","LAA",10.1,,,,,,,,,,,,,,"Chris Bootcheck",1842,408052
"John Grabow","PIT",69.2,,,,,,,,,,,,,,"John Grabow",1848,346848
"Ryan Madson","PHI",134.1,,,,,,,,,,,,,,"Ryan Madson",1852,425492
"Shawn Camp","TBD",75,,,,,,,,,,,,,,"Shawn Camp",1855,425861
"Michael Wuertz","CHC",40.2,,,,,,,,,,,,,,"Michael Wuertz",1856,430900
"Brian Falkenborg","STL",6.1,,,,,,,,,,,,,,"Brian Falkenborg",1859,237346
"Allan Simpson","MIL",2.2,,,,,,,,,,,,,,"Allan Simpson",1864,407817
"Casey Daigle","ARI",12.1,,,,,,,,,,,,,,"Casey Daigle",1880,430664
"Shawn Hill","WSN",36.2,,,,,,,,,,,,,,"Shawn Hill",1882,429718
"Chris Mabeus","MIL",1.2,,,,,,,,,,,,,,"Chris Mabeus",1892,430834
"Lenny DiNardo","BOS",39,,,,,,,,,,,,,,"Lenny DiNardo",1894,430837
"Akinori Otsuka","TEX",59.2,,,,,,,,,,,,,,"Akinori Otsuka",1895,430788
"Greg Aquino","ARI",48.1,,,,,,,,,,,,,,"Greg Aquino",1899,425628
"Tim Hamulack","LAD",34,,,,,,,,,,,,,,"Tim Hamulack",1900,425787
"David Aardsma","CHC",53,,,,,,,,,,,,,,"David Aardsma",1902,430911
"Jason Frasor","TOR",50,,,,,,,,,,,,,,"Jason Frasor",1906,430630
"Scott Proctor","NYY",102.1,,,,,,,,,,,,,,"Scott Proctor",1911,429984
"Matt Thornton","CHW",54,,,,,,,,,,,,,,"Matt Thornton",1918,407819
"Brian Bruney","NYY",20.2,,,,,,,,,,,,,,"Brian Bruney",1929,430663
"Daniel Cabrera","BAL",148,,,,,,,,,,,,,,"Daniel Cabrera",1931,425555
"Frank Francisco","TEX",7.1,,,,,,,,,,,,,,"Frank Francisco",1933,407911
"Scott Dohmann","- - -",48.1,,,,,,,,,,,,,,"Scott Dohmann",1936,430617
"Mike Adams","MIL",2.1,,,,,,,,,,,,,,"Mike Adams",1937,430606
"Justin Germano","CIN",6.2,,,,,,,,,,,,,,"Justin Germano",1938,430683
"Zack Greinke","KCR",6.1,,,,,,,,,,,,,,"Zack Greinke",1943,425844
"Elizardo Ramirez","CIN",104,,,,,,,,,,,,,,"Elizardo Ramirez",1946,430579
"Denny Bautista","- - -",41.2,,,,,,,,,,,,,,"Denny Bautista",1947,429714
"Ken Ray","ATL",67.2,,,,,,,,,,,,,,"Ken Ray",1986,150208
"Tim Byrdak","BAL",7,,,,,,,,,,,,,,"Tim Byrdak",1995,136263
"Dave Borkowski","HOU",71,,,,,,,,,,,,,,"Dave Borkowski",2002,150185
"Marty McLeary","PIT",17.2,,,,,,,,,,,,,,"Marty McLeary",2022,276373
"Saul Rivera","WSN",60.1,,,,,,,,,,,,,,"Saul Rivera",2027,346800
"Chris Booker","- - -",8.1,,,,,,,,,,,,,,"Chris Booker",2039,407094
"Travis Hughes","WSN",11.1,,,,,,,,,,,,,,"Travis Hughes",2045,407889
"Jorge De La Rosa","- - -",79,,,,,,,,,,,,,,"Jorge De La Rosa",2047,407822
"Joselo Diaz","KCR",6.2,,,,,,,,,,,,,,"Joselo Diaz",2057,407872
"Gustavo Chacin","TOR",87.1,,,,,,,,,,,,,,"Gustavo Chacin",2060,407860
"Matt Guerrier","MIN",69.2,,,,,,,,,,,,,,"Matt Guerrier",2061,407825
"Jose Veras","NYY",11,,,,,,,,,,,,,,"Jose Veras",2063,407842
"Jeremy Guthrie","CLE",19.1,,,,,,,,,,,,,,"Jeremy Guthrie",2072,425386
"Chien-Ming Wang","NYY",218,,,,,,,,,,,,,,"Chien-Ming Wang",2074,425426
"Willie Eyre","MIN",59.1,,,,,,,,,,,,,,"Willie Eyre",2078,425466
"Heath Bell","NYM",37,,,,,,,,,,,,,,"Heath Bell",2080,425514
"Francisco Del Rosario","TOR",23,,,,,,,,,,,,,,"Francisco Del Rosario",2091,425564
"Francisco Cruceta","SEA",6.2,,,,,,,,,,,,,,"Francisco Cruceta",2104,425510
"Fernando Cabrera","CLE",60.2,,,,,,,,,,,,,,"Fernando Cabrera",2105,425507
"Andrew Brown","CLE",10,,,,,,,,,,,,,,"Andrew Brown",2115,408046
"Beltran Perez","WSN",21,,,,,,,,,,,,,,"Beltran Perez",2116,425558
"Santiago Ramirez","WSN",3.1,,,,,,,,,,,,,,"Santiago Ramirez",2122,425537
"John Koronka","TEX",125,,,,,,,,,,,,,,"John Koronka",2130,425655
"Gary Majewski","- - -",70.1,,,,,,,,,,,,,,"Gary Majewski",2131,400008
"Adam Loewen","BAL",112.1,,,,,,,,,,,,,,"Adam Loewen",2134,429400
"Chris Narveson","STL",9.1,,,,,,,,,,,,,,"Chris Narveson",2141,429780
"Angel Guzman","CHC",56,,,,,,,,,,,,,,"Angel Guzman",2145,425768
"Sean Henn","NYY",9.1,,,,,,,,,,,,,,"Sean Henn",2147,430675
"Yhency Brazoban","LAD",5,,,,,,,,,,,,,,"Yhency Brazoban",2150,430674
"Clint Nageotte","SEA",1,,,,,,,,,,,,,,"Clint Nageotte",2156,425788
"Boof Bonser","MIN",100.1,,,,,,,,,,,,,,"Boof Bonser",2159,425818
"Justin Lehr","MIL",15.2,,,,,,,,,,,,,,"Justin Lehr",2163,430680
"John Rheinecker","TEX",70.2,,,,,,,,,,,,,,"John Rheinecker",2165,425850
"Taylor Buchholz","HOU",113,,,,,,,,,,,,,,"Taylor Buchholz",2168,430587
"Ezequiel Astacio","HOU",5.2,,,,,,,,,,,,,,"Ezequiel Astacio",2169,430586
"Chad Qualls","HOU",88.2,,,,,,,,,,,,,,"Chad Qualls",2170,430589
"Fernando Nieve","HOU",96.1,,,,,,,,,,,,,,"Fernando Nieve",2173,430588
"Dennis Sarfate","MIL",8.1,,,,,,,,,,,,,,"Dennis Sarfate",2174,430610
"Ben Hendrickson","MIL",12,,,,,,,,,,,,,,"Ben Hendrickson",2175,430608
"Renyel Pinto","FLA",29.2,,,,,,,,,,,,,,"Renyel Pinto",2180,430594
"Eddy Rodriguez","BAL",15,,,,,,,,,,,,,,"Eddy Rodriguez",2193,430626
"Jake Woods","SEA",105,,,,,,,,,,,,,,"Jake Woods",2196,430646
"Mike Gosling","CIN",1.1,,,,,,,,,,,,,,"Mike Gosling",2204,428420
"Phil Stockman","ATL",4,,,,,,,,,,,,,,"Phil Stockman",2206,430666
"Justin Hampson","COL",12,,,,,,,,,,,,,,"Justin Hampson",2209,430618
"Bartolome Fortunato","NYM",3,,,,,,,,,,,,,,"Bartolome Fortunato",2213,430627
"Roberto Novoa","CHC",76,,,,,,,,,,,,,,"Roberto Novoa",2217,430604
"Ian Snell","PIT",186,,,,,,,,,,,,,,"Ian Snell",2227,430636
"Bob Keppel","KCR",34.1,,,,,,,,,,,,,,"Bob Keppel",2229,430670
"Adam Wainwright","STL",75,,,,,,,,,,,,,,"Adam Wainwright",2233,425794
"Jose Capellan","MIL",71.2,,,,,,,,,,,,,,"Jose Capellan",2236,430642
"Roman Colon","DET",38.2,,,,,,,,,,,,,,"Roman Colon",2242,430638
"Colter Bean","NYY",2,,,,,,,,,,,,,,"Colter Bean",2246,430841
"Agustin Montero","CHW",14,,,,,,,,,,,,,,"Agustin Montero",2268,430903
"Joel Peralta","KCR",73.2,,,,,,,,,,,,,,"Joel Peralta",2332,407908
"Tim Corcoran","TBD",90.1,,,,,,,,,,,,,,"Tim Corcoran",2351,434898
"Jason Childers","TBD",7.2,,,,,,,,,,,,,,"Jason Childers",2379,431146
"Brian Shackelford","CIN",16.1,,,,,,,,,,,,,,"Brian Shackelford",2461,430939
"Todd Coffey","CIN",78,,,,,,,,,,,,,,"Todd Coffey",2467,434298
"Jermaine Van Buren","BOS",13,,,,,,,,,,,,,,"Jermaine Van Buren",2492,435278
"Eude Brito","PHI",18.1,,,,,,,,,,,,,,"Eude Brito",2514,434560
"Steve Stemle","KCR",6,,,,,,,,,,,,,,"Steve Stemle",2518,435318
"Juan Salas","TBD",10,,,,,,,,,,,,,,"Juan Salas",2533,466838
"Juan Pablo Perez","PIT",3.1,,,,,,,,,,,,,,"Juan Pablo Perez",2557,448722
"Enrique Gonzalez","ARI",106.1,,,,,,,,,,,,,,"Enrique Gonzalez",2568,434619
"Robinson Tejeda","TEX",73.2,,,,,,,,,,,,,,"Robinson Tejeda",2575,434565
"Wandy Rodriguez","HOU",135.2,,,,,,,,,,,,,,"Wandy Rodriguez",2586,434643
"Juan Lara","CLE",5,,,,,,,,,,,,,,"Juan Lara",2613,444312
"Scott Dunn","TBD",7.2,,,,,,,,,,,,,,"Scott Dunn",2634,430949
"Chris Sampson","HOU",34,,,,,,,,,,,,,,"Chris Sampson",2651,448200
"Randy Messenger","FLA",60.1,,,,,,,,,,,,,,"Randy Messenger",2658,434591
"Ruddy Lugo","TBD",85,,,,,,,,,,,,,,"Ruddy Lugo",2710,425843
"Mike Thompson","SDP",92,,,,,,,,,,,,,,"Mike Thompson",2735,445120
"Sendy Rleal","BAL",46.2,,,,,,,,,,,,,,"Sendy Rleal",2737,464869
"Brian Sanches","PHI",21.1,,,,,,,,,,,,,,"Brian Sanches",2739,430083
"Davis Romero","TOR",16.1,,,,,,,,,,,,,,"Davis Romero",2756,456630
"Jack Taschner","SFG",19.1,,,,,,,,,,,,,,"Jack Taschner",2766,435620
"Carlos Marmol","CHC",77,,,,,,,,,,,,,,"Carlos Marmol",2790,461791
"Manny Corpas","COL",32.1,,,,,,,,,,,,,,"Manny Corpas",2807,466918
"Franquelis Osoria","LAD",17.2,,,,,,,,,,,,,,"Franquelis Osoria",2860,434701
"Santiago Casilla","OAK",2.1,,,,,,,,,,,,,,"Santiago Casilla",2873,433586
"Juan Carlos Oviedo","KCR",13.1,,,,,,,,,,,,,,"Juan Carlos Oviedo",2886,434663
"Jeff Bajenaru","ARI",1,,,,,,,,,,,,,,"Jeff Bajenaru",2920,434117
"Mike Burns","- - -",21,,,,,,,,,,,,,,"Mike Burns",2932,446916
"Sean Green","SEA",32,,,,,,,,,,,,,,"Sean Green",3001,434958
"Matt Smith","- - -",20.2,,,,,,,,,,,,,,"Matt Smith",3053,445224
"Emiliano Fruto","SEA",36,,,,,,,,,,,,,,"Emiliano Fruto",3106,464254
"Doug Slaten","ARI",5.2,,,,,,,,,,,,,,"Doug Slaten",3107,460657
"Jon Huber","SEA",16.2,,,,,,,,,,,,,,"Jon Huber",3109,435679
"Ron Flores","OAK",29.2,,,,,,,,,,,,,,"Ron Flores",3152,446939
"Carlos Martinez","FLA",10.1,,,,,,,,,,,,,,"Carlos Martinez",3167,465593
"Manny Delcarmen","BOS",53.1,,,,,,,,,,,,,,"Manny Delcarmen",3180,434668
"Zach Miner","DET",93,,,,,,,,,,,,,,"Zach Miner",3193,435261
"Chris Young","SDP",179.1,,,,,,,,,,,,,,"Chris Young",3196,432934
"Ervin Santana","LAA",204,,,,,,,,,,,,,,"Ervin Santana",3200,429722
"Francisco Liriano","MIN",121,,,,,,,,,,,,,,"Francisco Liriano",3201,434538
"Ambiorix Burgos","KCR",73.1,,,,,,,,,,,,,,"Ambiorix Burgos",3246,434586
"Roberto Hernandez","CLE",74.2,,,,,,,,,,,,,,"Roberto Hernandez",3273,433584
"Aníbal Sánchez","FLA",114.1,,,,,,,,,,,,,,"Anibal Sanchez",3284,434671
"Matt Garza","MIN",50,,,,,,,,,,,,,,"Matt Garza",3340,490063
"Juan Morillo","COL",4,,,,,,,,,,,,,,"Juan Morillo",3369,434623
"Ubaldo Jiménez","COL",7.2,,,,,,,,,,,,,,"Ubaldo Jimenez",3374,434622
"Tyler Johnson","STL",36.1,,,,,,,,,,,,,,"Tyler Johnson",3404,431164
"Kason Gabbard","BOS",25.2,,,,,,,,,,,,,,"Kason Gabbard",3418,451257
"Brian Burres","BAL",8,,,,,,,,,,,,,,"Brian Burres",3425,434638
"Anthony Lerew","ATL",2,,,,,,,,,,,,,,"Anthony Lerew",3440,434679
"Kevin Barry","ATL",25.2,,,,,,,,,,,,,,"Kevin Barry",3460,435258
"Scott Munter","SFG",22.2,,,,,,,,,,,,,,"Scott Munter",3470,434639
"Macay McBride","ATL",56.2,,,,,,,,,,,,,,"Macay McBride",3475,434680
"Henry Owens","NYM",4,,,,,,,,,,,,,,"Henry Owens",3520,452291
"Charlie Haeger","CHW",18.1,,,,,,,,,,,,,,"Charlie Haeger",3545,446624
"Chris Schroder","WSN",28.1,,,,,,,,,,,,,,"Chris Schroder",3553,456744
"C.J. Wilson","TEX",44.1,,,,,,,,,,,,,,"C.J. Wilson",3580,450351
"Chris Britton","BAL",53.2,,,,,,,,,,,,,,"Chris Britton",3600,461904
"David Pauley","BOS",16,,,,,,,,,,,,,,"David Pauley",3625,456102
"Josh Kinney","STL",25,,,,,,,,,,,,,,"Josh Kinney",3638,448337
"Kyle Davies","ATL",63.1,,,,,,,,,,,,,,"Kyle Davies",3642,434678
"Jim Johnson","BAL",3,,,,,,,,,,,,,,"Jim Johnson",3656,462382
"Andrew Sisco","KCR",58.1,,,,,,,,,,,,,,"Andrew Sisco",3706,434878
"Brad Hennessey","SFG",99.1,,,,,,,,,,,,,,"Brad Hennessey",3720,430913
"Jose Garcia","FLA",11,,,,,,,,,,,,,,"Jose Garcia",3727,462911
"Brandon League","TOR",42.2,,,,,,,,,,,,,,"Brandon League",3731,434181
"Juan Mateo","CHC",45.2,,,,,,,,,,,,,,"Juan Mateo",3753,462940
"Cesar Jimenez","SEA",7.1,,,,,,,,,,,,,,"Cesar Jimenez",3762,462945
"Chris Resop","FLA",21.1,,,,,,,,,,,,,,"Chris Resop",3799,434592
"Ricky Nolasco","FLA",140,,,,,,,,,,,,,,"Ricky Nolasco",3830,445060
"Zach Duke","PIT",215.1,,,,,,,,,,,,,,"Zach Duke",3840,435043
"Bobby Livingston","SEA",5,,,,,,,,,,,,,,"Bobby Livingston",3876,455751
"Gavin Floyd","PHI",54.1,,,,,,,,,,,,,,"Gavin Floyd",3886,425856
"Shane Youman","PIT",21.2,,,,,,,,,,,,,,"Shane Youman",3888,456558
"Jason Bulger","LAA",1.2,,,,,,,,,,,,,,"Jason Bulger",3915,408072
"Edward Mujica","CLE",18.1,,,,,,,,,,,,,,"Edward Mujica",3970,465629
"Edinson Volquez","TEX",33.1,,,,,,,,,,,,,,"Edinson Volquez",3990,450172
"Yusmeiro Petit","FLA",26.1,,,,,,,,,,,,,,"Yusmeiro Petit",4020,433589
"Fabio Castro","- - -",31.2,,,,,,,,,,,,,,"Fabio Castro",4048,466983
"Rafael Perez","CLE",12.1,,,,,,,,,,,,,,"Rafael Perez",4078,460370
"Carlos Villanueva","MIL",53.2,,,,,,,,,,,,,,"Carlos Villanueva",4138,453646
"Jered Weaver","LAA",123,,,,,,,,,,,,,,"Jered Weaver",4235,450308
"Matt Albers","HOU",15,,,,,,,,,,,,,,"Matt Albers",4300,458006
"Lance Cormier","ATL",73.2,,,,,,,,,,,,,,"Lance Cormier",4346,433578
"Royce Ring","NYM",12.2,,,,,,,,,,,,,,"Royce Ring",4350,429721
"Chris Demaria","MIL",13.2,,,,,,,,,,,,,,"Chris Demaria",4361,444518
"Craig Breslow","BOS",12,,,,,,,,,,,,,,"Craig Breslow",4363,444520
"Joe Saunders","LAA",70.2,,,,,,,,,,,,,,"Joe Saunders",4366,434578
"Ryan O'Malley","CHC",12.2,,,,,,,,,,,,,,"Ryan O'Malley",4412,456133
"Kameron Loe","TEX",78.1,,,,,,,,,,,,,,"Kameron Loe",4422,434180
"Dustin Nippert","ARI",10,,,,,,,,,,,,,,"Dustin Nippert",4426,430962
"Travis Chick","SEA",5,,,,,,,,,,,,,,"Travis Chick",4524,435458
"Scott Olsen","FLA",180.2,,,,,,,,,,,,,,"Scott Olsen",4529,435179
"Jason Hammel","TBD",44,,,,,,,,,,,,,,"Jason Hammel",4538,434628
"Jonah Bayliss","PIT",14.2,,,,,,,,,,,,,,"Jonah Bayliss",4560,435058
"Josh Johnson","FLA",157,,,,,,,,,,,,,,"Josh Johnson",4567,435178
"Ramon Pena","ARI",30.2,,,,,,,,,,,,,,"Ramon Pena",4573,430963
"Clay Hensley","SDP",187,,,,,,,,,,,,,,"Clay Hensley",4593,454535
"Sean Tracey","CHW",8,,,,,,,,,,,,,,"Sean Tracey",4621,434600
"Dave Bush","MIL",210,,,,,,,,,,,,,,"Dave Bush",4635,433657
"Jason Bergmann","WSN",64.2,,,,,,,,,,,,,,"Jason Bergmann",4640,456589
"Brandon McCarthy","CHW",84.2,,,,,,,,,,,,,,"Brandon McCarthy",4662,435221
"Pat Neshek","MIN",37,,,,,,,,,,,,,,"Pat Neshek",4682,450212
"Jeff Francis","COL",199,,,,,,,,,,,,,,"Jeff Francis",4684,433585
"Joel Zumaya","DET",83.1,,,,,,,,,,,,,,"Joel Zumaya",4699,451491
"Brian Slocum","CLE",17.2,,,,,,,,,,,,,,"Brian Slocum",4705,451497
"Matt Cain","SFG",190.2,,,,,,,,,,,,,,"Matt Cain",4732,430912
"Shane Komine","OAK",9,,,,,,,,,,,,,,"Shane Komine",4754,455005
"Jonathan Broxton","LAD",76.1,,,,,,,,,,,,,,"Jonathan Broxton",4759,455009
"Brad Halsey","OAK",94.1,,,,,,,,,,,,,,"Brad Halsey",4760,433517
"Darrell Rasner","NYY",20.1,,,,,,,,,,,,,,"Darrell Rasner",4770,434480
"Scott Mathieson","PHI",37.1,,,,,,,,,,,,,,"Scott Mathieson",4771,455949
"Félix Hernández","SEA",191,,,,,,,,,,,,,,"Felix Hernandez",4772,433587
"John Maine","NYM",90,,,,,,,,,,,,,,"John Maine",4773,429720
"Matt Capps","PIT",80.2,,,,,,,,,,,,,,"Matt Capps",4788,448165
"Craig Hansen","BOS",38,,,,,,,,,,,,,,"Craig Hansen",4798,475022
"Rich Hill","CHC",99.1,,,,,,,,,,,,,,"Rich Hill",4806,448179
"Jesse Crain","MIN",76.2,,,,,,,,,,,,,,"Jesse Crain",4817,430884
"Joe Blanton","OAK",194.1,,,,,,,,,,,,,,"Joe Blanton",4849,430599
"Chuck James","ATL",119,,,,,,,,,,,,,,"Chuck James",4886,460580
"Peter Moylan","ATL",15,,,,,,,,,,,,,,"Peter Moylan",4891,493247
"Hayden Penn","BAL",19.2,,,,,,,,,,,,,,"Hayden Penn",4893,435140
"Scott Kazmir","TBD",144.2,,,,,,,,,,,,,,"Scott Kazmir",4897,431148
"Brad Thompson","STL",56.2,,,,,,,,,,,,,,"Brad Thompson",4911,433581
"Jon Lester","BOS",81.1,,,,,,,,,,,,,,"Jon Lester",4930,452657
"Devern Hansack","BOS",10,,,,,,,,,,,,,,"Devern Hansack",4939,468962
"Cole Hamels","PHI",132.1,,,,,,,,,,,,,,"Cole Hamels",4972,430935
"Mike Pelfrey","NYM",21.1,,,,,,,,,,,,,,"Mike Pelfrey",5203,460059
"Dana Eveland","MIL",27.2,,,,,,,,,,,,,,"Dana Eveland",5508,445968
"Boone Logan","CHW",17.1,,,,,,,,,,,,,,"Boone Logan",5525,457429
"Ty Taubenheim","TOR",35,,,,,,,,,,,,,,"Ty Taubenheim",5561,457458
"Josh Sharpless","PIT",12,,,,,,,,,,,,,,"Josh Sharpless",5567,457465
"Ryan Braun","KCR",10.2,,,,,,,,,,,,,,"Ryan Braun",5648,461334
"Brian Bannister","NYM",38,,,,,,,,,,,,,,"Brian Bannister",5718,446454
"Eric O'Flaherty","SEA",11,,,,,,,,,,,,,,"Eric O'Flaherty",5746,447714
"Tom Mastny","CLE",16.1,,,,,,,,,,,,,,"Tom Mastny",5768,457826
"Chad Billingsley","LAD",90,,,,,,,,,,,,,,"Chad Billingsley",5842,451532
"Jeff Karstens","NYY",42.2,,,,,,,,,,,,,,"Jeff Karstens",5879,444371
"Sean Marshall","CHC",125.2,,,,,,,,,,,,,,"Sean Marshall",5905,445156
"Pat Misch","SFG",1,,,,,,,,,,,,,,"Pat Misch",5909,435619
"Chad Orvella","TBD",24.1,,,,,,,,,,,,,,"Chad Orvella",5952,435378
"Jonathan Papelbon","BOS",68.1,,,,,,,,,,,,,,"Jonathan Papelbon",5975,449097
"Jordan Tata","DET",14.2,,,,,,,,,,,,,,"Jordan Tata",5999,450265
"Jim Hoey","BAL",9.2,,,,,,,,,,,,,,"Jim Hoey",6007,460597
"Takashi Saito","LAD",78.1,,,,,,,,,,,,,,"Takashi Saito",6021,493416
"T.J. Beam","NYY",18,,,,,,,,,,,,,,"T.J. Beam",6101,446884
"Brian Rogers","PIT",8.2,,,,,,,,,,,,,,"Brian Rogers",6123,446910
"Logan Kensing","FLA",37.2,,,,,,,,,,,,,,"Logan Kensing",6166,434137
"Scott Baker","MIN",83.1,,,,,,,,,,,,,,"Scott Baker",6176,435044
"Shaun Marcum","TOR",78.1,,,,,,,,,,,,,,"Shaun Marcum",6204,451788
"Billy Sadler","SFG",4,,,,,,,,,,,,,,"Billy Sadler",6235,452724
"Wes Littleton","TEX",36.1,,,,,,,,,,,,,,"Wes Littleton",6236,452725
"Tom Gorzelanny","PIT",61.2,,,,,,,,,,,,,,"Tom Gorzelanny",6244,452733
"Abe Alvarez","BOS",3,,,,,,,,,,,,,,"Abe Alvarez",6259,433877
"Scott Feldman","TEX",41.1,,,,,,,,,,,,,,"Scott Feldman",6283,444857
"George Sherrill","SEA",40,,,,,,,,,,,,,,"George Sherrill",6291,430941
"Jason Hirsh","HOU",44.2,,,,,,,,,,,,,,"Jason Hirsh",6293,444865
"Chris Ray","BAL",66,,,,,,,,,,,,,,"Chris Ray",6315,444884
"Ryan Feierabend","SEA",17,,,,,,,,,,,,,,"Ryan Feierabend",6336,456387
"Jeremy Accardo","- - -",69,,,,,,,,,,,,,,"Jeremy Accardo",6428,435618
"Tim Stauffer","SDP",6,,,,,,,,,,,,,,"Tim Stauffer",6432,431162
"Michael O'Connor","WSN",105,,,,,,,,,,,,,,"Michael O'Connor",6457,456585
"Brian Wilson","SFG",30,,,,,,,,,,,,,,"Brian Wilson",6485,451216
"Andrew Miller","DET",10.1,,,,,,,,,,,,,,"Andrew Miller",6785,453192
"Brett Campbell","WSN",4.1,,,,,,,,,,,,,,"Brett Campbell",6842,457902
"Hung-Chih Kuo","LAD",59.2,,,,,,,,,,,,,,"Hung-Chih Kuo",7016,425539
"Steve Andrade","KCR",4.2,,,,,,,,,,,,,,"Steve Andrade",7018,430644
"James Shields","TBD",124.2,,,,,,,,,,,,,,"James Shields",7059,448306
"Dustin Moseley","LAA",11,,,,,,,,,,,,,,"Dustin Moseley",7060,400291
"Anthony Reyes","STL",85.1,,,,,,,,,,,,,,"Anthony Reyes",7105,435039
"Jeff Harris","SEA",3.1,,,,,,,,,,,,,,"Jeff Harris",7189,441266
"Josh Rupe","TEX",29,,,,,,,,,,,,,,"Josh Rupe",7206,434666
"Kurt Birkins","BAL",31,,,,,,,,,,,,,,"Kurt Birkins",7266,451256
"Nick Masset","TEX",8.2,,,,,,,,,,,,,,"Nick Masset",7267,434665
"Casey Janssen","TOR",94,,,,,,,,,,,,,,"Casey Janssen",7355,445163
"Mark Lowe","SEA",18.2,,,,,,,,,,,,,,"Mark Lowe",7416,450275
"Jonathan Sánchez","SFG",40,,,,,,,,,,,,,,"Jonathan Sanchez",7507,456043
"Brian Sikorski","- - -",34,,,,,,,,,,,,,,"Brian Sikorski",7603,136920
"Cla Meredith","SDP",50.2,,,,,,,,,,,,,,"Cla Meredith",7613,448592
"Ramon E Ramirez","COL",67.2,,,,,,,,,,,,,,"Ramon E Ramirez",7986,430673
"Joe Winkelsas","MIL",7,,,,,,,,,,,,,,"Joe Winkelsas",7988,206463
"Eric Stults","LAD",17.2,,,,,,,,,,,,,,"Eric Stults",8011,445590
"Glen Perkins","MIN",5.2,,,,,,,,,,,,,,"Glen Perkins",8041,450282
"Jason Vargas","FLA",43,,,,,,,,,,,,,,"Jason Vargas",8044,450306
"Cha Seung Baek","SEA",34.1,,,,,,,,,,,,,,"Cha Seung Baek",8214,430657
"Jae Kuk Ryu","CHC",15,,,,,,,,,,,,,,"Jae Kuk Ryu",8228,472490
"J.P. Howell","TBD",42.1,,,,,,,,,,,,,,"J.P. Howell",8245,434442
"Taylor Tankersley","FLA",41,,,,,,,,,,,,,,"Taylor Tankersley",8249,452237
"Huston Street","OAK",70.2,,,,,,,,,,,,,,"Huston Street",8258,434718
"Zach Jackson","MIL",38.1,,,,,,,,,,,,,,"Zach Jackson",8356,435638
"Jason Windsor","OAK",13.2,,,,,,,,,,,,,,"Jason Windsor",8373,448253
"Bill Bray","- - -",50.2,,,,,,,,,,,,,,"Bill Bray",8538,435538
"Alay Soler","NYM",45,,,,,,,,,,,,,,"Alay Soler",8542,434057
"Philip Humber","NYM",2,,,,,,,,,,,,,,"Philip Humber",8586,458950
"Dustin McGowan","TOR",27.1,,,,,,,,,,,,,,"Dustin McGowan",8600,430661
"Brandon Medders","ARI",71.2,,,,,,,,,,,,,,"Brandon Medders",8604,430665
"Bobby Jenks","CHW",69.2,,,,,,,,,,,,,,"Bobby Jenks",8645,408057
"Brian Stokes","TBD",24,,,,,,,,,,,,,,"Brian Stokes",8653,425530
"Paul Maholm","PIT",176,,,,,,,,,,,,,,"Paul Maholm",8678,430904
"Jorge Campillo","SEA",2.1,,,,,,,,,,,,,,"Jorge Campillo",8686,435658
"Justin Verlander","DET",186,,,,,,,,,,,,,,"Justin Verlander",8700,434378
"Jeremy Sowers","CLE",88.1,,,,,,,,,,,,,,"Jeremy Sowers",9083,460265
"Joey Devine","ATL",6.1,,,,,,,,,,,,,,"Joey Devine",9862,457733